[
  {
    "id": "sitelink",
    "type": "inputstring",
    "name": "Site Link",
    "value": "https://anidex.info/"
  },
  {
    "id": "cookieheader",
    "type": "hiddendata",
    "name": "CookieHeader",
    "value": ""
  },
  {
    "id": "lasterror",
    "type": "hiddendata",
    "name": "LastError",
    "value": null
  },
  {
    "id": "language(noneticked=all)",
    "type": "inputcheckbox",
    "name": "Language (None ticked = ALL)",
    "values": [
      ""
    ],
    "options": {
      "1": "English",
      "2": "Japanese",
      "3": "Polish",
      "4": "Serbo-Croatian",
      "5": "Dutch",
      "6": "Italian",
      "7": "Russian",
      "8": "German",
      "9": "Hungarian",
      "10": "French",
      "11": "Finnish",
      "12": "Vietnamese",
      "13": "Greek",
      "14": "Bulgarian",
      "15": "Spanish (Spain)",
      "16": "Portuguese (Brazil)",
      "17": "Portuguese (Portugal)",
      "18": "Swedish",
      "19": "Arabic",
      "20": "Danish",
      "21": "Chinese (Simplified)",
      "22": "Bengali",
      "23": "Romanian",
      "24": "Czech",
      "25": "Mongolian",
      "26": "Turkish",
      "27": "Indonesian",
      "28": "Korean",
      "29": "Spanish (LATAM)",
      "30": "Persian",
      "31": "Malaysian"
    }
  },
  {
    "id": "sortby",
    "type": "inputselect",
    "name": "Sort by",
    "value": "upload_timestamp",
    "options": {
      "upload_timestamp": "created",
      "seeders": "seeders",
      "size": "size",
      "filename": "title"
    }
  },
  {
    "id": "order",
    "type": "inputselect",
    "name": "Order",
    "value": "desc",
    "options": {
      "desc": "Descending",
      "asc": "Ascending"
    }
  },
  {
    "id": "numberofretries",
    "type": "inputselect",
    "name": "Number of retries",
    "value": "2",
    "options": {
      "0": "No retries (fail fast)",
      "1": "1 retry (0.5s delay)",
      "2": "2 retries (1s delay)",
      "3": "3 retries (2s delay)",
      "4": "4 retries (4s delay)",
      "5": "5 retries (8s delay)"
    }
  },
  {
    "id": "tags",
    "type": "inputtags",
    "name": "Tags",
    "value": ""
  }
]