[
  {
    "id": "sitelink",
    "type": "inputstring",
    "name": "Site Link",
    "value": "https://bitru.org/"
  },
  {
    "id": "cookieheader",
    "type": "hiddendata",
    "name": "CookieHeader",
    "value": null
  },
  {
    "id": "lasterror",
    "type": "hiddendata",
    "name": "LastError",
    "value": null
  },
  {
    "id": "includeadvertising",
    "type": "inputbool",
    "name": "Include Advertising",
    "value": true
  },
  {
    "id": "sortrequestedfromsite",
    "type": "inputselect",
    "name": "Sort requested from site",
    "value": "_",
    "options": {
      "_": "created",
      "seeders": "seeders",
      "size": "size"
    }
  },
  {
    "id": "tags",
    "type": "inputtags",
    "name": "Tags",
    "value": ""
  }
]