[
  {
    "id": "sitelink",
    "type": "inputstring",
    "name": "Site Link",
    "value": "https://www.divxtotal.ch/"
  },
  {
    "id": "cookieheader",
    "type": "hiddendata",
    "name": "CookieHeader",
    "value": ""
  },
  {
    "id": "lasterror",
    "type": "hiddendata",
    "name": "LastError",
    "value": null
  },
  {
    "id": "matchwordsintitle",
    "type": "inputbool",
    "name": "Match words in title",
    "value": true
  },
  {
    "id": "tags",
    "type": "inputtags",
    "name": "Tags",
    "value": ""
  }
]