[
  {
    "id": "sitelink",
    "type": "inputstring",
    "name": "Site Link",
    "value": "https://ibit.to/"
  },
  {
    "id": "cookieheader",
    "type": "hiddendata",
    "name": "CookieHeader",
    "value": null
  },
  {
    "id": "lasterror",
    "type": "hiddendata",
    "name": "LastError",
    "value": null
  },
  {
    "id": "sortrequestedfromsite(appliesonlytokeywordsearches)",
    "type": "inputselect",
    "name": "Sort requested from site (applies only to Keyword searches)",
    "value": "uploaded_at",
    "options": {
      "uploaded_at": "created",
      "seeders": "seeders",
      "size": "size"
    }
  },
  {
    "id": "orderrequestedfromsite",
    "type": "inputselect",
    "name": "Order requested from site",
    "value": "desc",
    "options": {
      "desc": "desc",
      "asc": "asc"
    }
  },
  {
    "id": "tags",
    "type": "inputtags",
    "name": "Tags",
    "value": ""
  }
]