[
  {
    "id": "sitelink",
    "type": "inputstring",
    "name": "Site Link",
    "value": "https://www.montorrent.com/"
  },
  {
    "id": "cookieheader",
    "type": "hiddendata",
    "name": "CookieHeader",
    "value": null
  },
  {
    "id": "lasterror",
    "type": "hiddendata",
    "name": "LastError",
    "value": null
  },
  {
    "id": "trytonormalizereleasesnamesbymovingyearafterthetitle",
    "type": "inputbool",
    "name": "Try to normalize releases names by moving year after the title",
    "value": false
  },
  {
    "id": "langfilter/filtrelangue",
    "type": "inputselect",
    "name": "Lang Filter / Filtre Langue",
    "value": "on",
    "options": {
      "on": "Tous",
      "french": "French",
      "truefrench": "TrueFrench",
      "vostfr": "VOSTFR",
      "vo": "VO"
    }
  },
  {
    "id": "replacemultibyanotherlanguageinreleasename",
    "type": "inputbool",
    "name": "Replace MULTI by another language in release name",
    "value": false
  },
  {
    "id": "replacemultibythislanguage",
    "type": "inputselect",
    "name": "Replace MULTI by this language",
    "value": "FRENCH",
    "options": {
      "FRENCH": "FRENCH",
      "MULTI.FRENCH": "MULTI.FRENCH",
      "ENGLISH": "ENGLISH",
      "MULTI.ENGLISH": "MULTI.ENGLISH",
      "VOSTFR": "VOSTFR",
      "MULTI.VOSTFR": "MULTI.VOSTFR"
    }
  },
  {
    "id": "replacevostfrwithenglish",
    "type": "inputbool",
    "name": "Replace VOSTFR with ENGLISH",
    "value": false
  },
  {
    "id": "enhancesonarrcompatibilitywithanimebyrenamingepisode(xxxtoexxx).worksonlyifepisodeisattheendofthequery.candisturbmoviessearch.(backtothefuture3->backtothefuturee3)",
    "type": "inputbool",
    "name": "Enhance sonarr compatibility with anime by renaming episode (xxx to exxx). Works only if episode is at the end of the query. Can disturb movies search. (back to the future 3 -> back to the future e3)",
    "value": false
  },
  {
    "id": "sortrequestedfromsite",
    "type": "inputselect",
    "name": "Sort requested from site",
    "value": "id",
    "options": {
      "id": "id",
      "seeders": "seeders",
      "size": "taille",
      "rls": "name"
    }
  },
  {
    "id": "orderrequestedfromsite",
    "type": "inputselect",
    "name": "Order requested from site",
    "value": "desc",
    "options": {
      "desc": "desc",
      "asc": "asc"
    }
  },
  {
    "id": "tags",
    "type": "inputtags",
    "name": "Tags",
    "value": ""
  }
]