[
  {
    "id": "sitelink",
    "type": "inputstring",
    "name": "Site Link",
    "value": "https://nyaa.net/"
  },
  {
    "id": "cookieheader",
    "type": "hiddendata",
    "name": "CookieHeader",
    "value": null
  },
  {
    "id": "lasterror",
    "type": "hiddendata",
    "name": "LastError",
    "value": null
  },
  {
    "id": "category",
    "type": "inputselect",
    "name": "Category",
    "value": "_",
    "options": {
      "_": "All categories",
      "3_": "Anime",
      "3_12": "Anime - Anime Music Video",
      "3_5": "Anime - English-translated",
      "3_13": "Anime - Non-English-translated",
      "3_6": "Anime - Raw",
      "2_": "Audio",
      "2_3": "Audio - Lossless",
      "2_4": "Audio - Lossy",
      "4_": "Literature",
      "4_7": "Literature - English-translated",
      "4_14": "Literature - Non-English-translated",
      "4_8": "Literature - Raw",
      "1_": "Software",
      "1_1": "Software - Applications",
      "1_2": "Software - Games",
      "5_": "Live Action",
      "5_10": "Live Action - Trailers",
      "5_9": "Live Action - English subtitled",
      "5_18": "Live Action - Non-English subtitled",
      "5_11": "Live Action - Raw",
      "6_": "Pictures",
      "6_15": "Pictures - Graphics",
      "6_16": "Pictures - Photos"
    }
  },
  {
    "id": "sortrequestedfromsite",
    "type": "inputselect",
    "name": "Sort requested from site",
    "value": "2",
    "options": {
      "2": "created",
      "5": "seeders",
      "4": "size",
      "1": "title"
    }
  },
  {
    "id": "orderrequestedfromsite",
    "type": "inputselect",
    "name": "Order requested from site",
    "value": "false",
    "options": {
      "false": "desc",
      "true": "asc"
    }
  },
  {
    "id": "tags",
    "type": "inputtags",
    "name": "Tags",
    "value": ""
  }
]