[
  {
    "id": "sitelink",
    "type": "inputstring",
    "name": "Site Link",
    "value": "https://nyaa.si/"
  },
  {
    "id": "cookieheader",
    "type": "hiddendata",
    "name": "CookieHeader",
    "value": null
  },
  {
    "id": "lasterror",
    "type": "hiddendata",
    "name": "LastError",
    "value": null
  },
  {
    "id": "filter",
    "type": "inputselect",
    "name": "Filter",
    "value": "0",
    "options": {
      "0": "No filter",
      "1": "No remakes",
      "2": "Trusted only"
    }
  },
  {
    "id": "category",
    "type": "inputselect",
    "name": "Category",
    "value": "0_0",
    "options": {
      "0_0": "All categories",
      "1_0": "Anime",
      "1_1": "Anime - Anime Music Video",
      "1_2": "Anime - English-translated",
      "1_3": "Anime - Non-English-translated",
      "1_4": "Anime - Raw",
      "2_0": "Audio",
      "2_1": "Audio - Lossless",
      "2_2": "Audio - Lossy",
      "3_0": "Literature",
      "3_1": "Literature - English-translated",
      "3_2": "Literature - Non-English-translated",
      "3_3": "Literature - Lossy",
      "4_0": "Live Action",
      "4_1": "Live Action - English",
      "4_2": "Live Action - Idol/PV",
      "4_3": "Live Action - Non-English",
      "4_4": "Live Action - Raw",
      "5_0": "Pictures",
      "5_1": "Pictures  - Graphics",
      "5_2": "Pictures  - Photos",
      "6_0": "Software",
      "6_1": "Software - Applications",
      "6_2": "Software - Games"
    }
  },
  {
    "id": "sortrequestedfromsite",
    "type": "inputselect",
    "name": "Sort requested from site",
    "value": "id",
    "options": {
      "id": "created",
      "seeders": "seeders",
      "size": "size"
    }
  },
  {
    "id": "orderrequestedfromsite",
    "type": "inputselect",
    "name": "Order requested from site",
    "value": "desc",
    "options": {
      "desc": "desc",
      "asc": "asc"
    }
  },
  {
    "id": "tags",
    "type": "inputtags",
    "name": "Tags",
    "value": ""
  }
]