[
  {
    "id": "sitelink",
    "type": "inputstring",
    "name": "Site Link",
    "value": "http://rutor.info/"
  },
  {
    "id": "cookieheader",
    "type": "hiddendata",
    "name": "CookieHeader",
    "value": null
  },
  {
    "id": "lasterror",
    "type": "hiddendata",
    "name": "LastError",
    "value": null
  },
  {
    "id": "sortrequestedfromsite(appliesonlytosearchwithkeywords)",
    "type": "inputselect",
    "name": "Sort requested from site (Applies only to Search with Keywords)",
    "value": "0",
    "options": {
      "0": "created desc",
      "1": "created asc",
      "2": "seeders desc",
      "3": "seeders asc",
      "6": "size desc",
      "7": "size asc",
      "8": "title desc",
      "9": "title asc"
    }
  },
  {
    "id": "tags",
    "type": "inputtags",
    "name": "Tags",
    "value": ""
  }
]