[
  {
    "id": "sitelink",
    "type": "inputstring",
    "name": "Site Link",
    "value": "https://www.sexy-pics.us/"
  },
  {
    "id": "cookieheader",
    "type": "hiddendata",
    "name": "CookieHeader",
    "value": null
  },
  {
    "id": "lasterror",
    "type": "hiddendata",
    "name": "LastError",
    "value": null
  },
  {
    "id": "sortrequestedfromsite",
    "type": "inputselect",
    "name": "Sort requested from site",
    "value": "age",
    "options": {
      "age": "created",
      "se": "seeders",
      "size": "size"
    }
  },
  {
    "id": "orderrequestedfromsite",
    "type": "inputselect",
    "name": "Order requested from site",
    "value": "desc",
    "options": {
      "desc": "desc",
      "asc": "asc"
    }
  },
  {
    "id": "tags",
    "type": "inputtags",
    "name": "Tags",
    "value": ""
  }
]