[
  {
    "id": "sitelink",
    "type": "inputstring",
    "name": "Site Link",
    "value": "https://wvw.zetorrents.org/"
  },
  {
    "id": "cookieheader",
    "type": "hiddendata",
    "name": "CookieHeader",
    "value": null
  },
  {
    "id": "lasterror",
    "type": "hiddendata",
    "name": "LastError",
    "value": null
  },
  {
    "id": "replacemultibyanotherlanguageinreleasename",
    "type": "inputbool",
    "name": "Replace MULTI by another language in release name",
    "value": false
  },
  {
    "id": "replacemultibythislanguage",
    "type": "inputselect",
    "name": "Replace MULTI by this language",
    "value": "FRENCH",
    "options": {
      "FRENCH": "FRENCH",
      "MULTI.FRENCH": "MULTI.FRENCH",
      "ENGLISH": "ENGLISH",
      "MULTI.ENGLISH": "MULTI.ENGLISH",
      "VOSTFR": "VOSTFR",
      "MULTI.VOSTFR": "MULTI.VOSTFR"
    }
  },
  {
    "id": "replacevostfrwithenglish",
    "type": "inputbool",
    "name": "Replace VOSTFR with ENGLISH",
    "value": false
  },
  {
    "id": "tags",
    "type": "inputtags",
    "name": "Tags",
    "value": ""
  }
]